company,website,region,email_or_contact,size_hint_if_known,why_fit,source_note
Praxent,https://praxent.com,USA,hello@praxent.com,~120 (site: "team of over 120"),Texas-founded custom design/engineering shop shipping client products; white-label QA extends delivery without hiring QA bench,Verified 2026-09-15 on https://praxent.com/contact (hello@ + info@)
Viget,https://www.viget.com,USA,hello@viget.com,~70–83 (LinkedIn/public dirs),Full-service digital product agency (design + build) for clients; classic partner for under-your-brand QA,Verified 2026-09-15 on https://www.viget.com/contact (hello@ general; business@ also listed for new biz — used allowed hello@)
thoughtbot,https://thoughtbot.com,USA,hello@thoughtbot.com,~85–92 (LinkedIn),Product design & development consultancy building client software; often thin dedicated QA vs eng,Verified 2026-09-15 on https://thoughtbot.com/accessibility-statement (Customer Support hello@); older blog also lists info@
Synergy Labs,https://www.synergylabs.co,USA,hello@synergylabs.co,~20–40 (site team + “+20 people”),US boutique app/web agency shipping many client products; white-label QA protects release quality under their brand,Verified 2026-09-15 on homepage footer hello@synergylabs.co
Pell Software,https://www.pellsoftware.com,USA,contact@pellsoftware.com,Boutique (size not published),Denver custom business software shop; client retainers without deep in-house QA = fit,Verified 2026-09-15 on https://www.pellsoftware.com/contact-us/
802.software,https://802.software,USA,hello@802.software,Small US studio (full-time VT/East Coast staff),Client product engineering studio; partnership QA keeps them focused on build,Verified 2026-09-15 on https://802.software/contact
Barrel,https://www.barrelny.com,USA,info@barrelny.com,Mid agency (size not published),NY CPG commerce agency building DTC/Shopify experiences for brand clients — QA under their delivery,Verified 2026-09-15 on https://www.barrelny.com/contact (info@; newbiz@ also listed)
Mapleton Hill,https://mapletonhill.com,USA,sales@mapletonhill.com,~35 (LinkedIn),Boulder enterprise software agency (platforms/apps for clients); sales@ is published contact alias,Verified 2026-09-15 on https://mapletonhill.com/contact (sales@mapletonhill.com)
Hello World,https://helloworlddevs.com,USA,info@helloworlddevs.com,Boutique Portland (size not published),Long-term client engineering partner (Drupal/React apps); white-label QA as delivery add-on,Verified 2026-09-15 on homepage contact block info@helloworlddevs.com
Portland Software Developers,https://portlandsoftwaredevelopers.com,USA,hello@portlandsoftwaredevelopers.com,Boutique (size not published),Portland app/web agency building for clients; clear public hello@ for partnership outreach,Verified 2026-09-15 on homepage (hello@portlandsoftwaredevelopers.com)
Deploi,https://deploi.ca,Canada,contact@deploi.ca,Lean senior team (size not published),Toronto-area web/platform agency for mid-market/enterprise clients; ships complex builds that need QA,Verified 2026-09-15 on homepage FAQ (contact@deploi.ca)
WebLaunch,https://weblaunch.ca,Canada,info@weblaunch.ca,Small growth studio (size not published),Kelowna studio shipping web/apps/AI for US+CA clients; often no dedicated QA pod,Verified 2026-09-15 on homepage footer info@weblaunch.ca
Igora Software,https://igora.ca,Canada,hello@igora.ca,Boutique Toronto (in-house since 2002),Custom web apps/ERP for SMBs; white-label QA strengthens handoff without growing headcount,Verified 2026-09-15 on homepage contact (hello@igora.ca)
Continuum Digital,https://continuumdigital.ca,Canada,info@continuumdigital.ca,Mid (Toronto HQ + delivery arms),Toronto software/ERP/mobile agency building for clients; retainer QA under their brand,Verified 2026-09-15 on homepage/footer info@continuumdigital.ca
Pentabay,https://pentabay.com,Canada,contact@pentabay.com,~50–249 (schema.org on site),Canadian custom software house (healthcare/SaaS/mobile) serving CA+US; partner QA for client releases,Verified 2026-09-15 via site JSON-LD ContactPoint + FAQ (contact@pentabay.com)
Microknot,https://www.microknot.com.au,Australia,hello@microknot.com.au,40+ in-house developers (site),Sydney custom software agency for client products; white-label QA fits delivery packages,Verified 2026-09-15 on https://www.microknot.com.au/contact-us/
SSW,https://www.ssw.com.au,Australia,info@ssw.com.au,Mid consultancy (multi-office AU),AU .NET/Azure product consultancy shipping client solutions; often eng-heavy vs QA-heavy,Verified 2026-09-15 on homepage office blocks (info@ssw.com.au)
Airteam,https://www.airteam.com.au,Australia,hello@airteam.com.au,Boutique AU onshore (size not published),Sydney custom software for complex/critical systems; partner QA as silent delivery layer,Verified 2026-09-15 on https://www.airteam.com.au/contact
Thinkmill,https://www.thinkmill.com.au,Australia,hello@thinkmill.com.au,35+ designers/engineers (site),Sydney product design & engineering consultancy for client products; strong white-label fit,Verified 2026-09-15 on https://www.thinkmill.com.au/contact
Kyritech,https://www.kyritech.com,Australia,info@kyritech.com,Boutique Melbourne studio (size not published),Melbourne software/AI studio shipping client systems/apps; QA under their delivery brand,Verified 2026-09-15 on homepage footer info@kyritech.com
DIGIT,https://digit.com.pk,Pakistan,info@digit.com.pk,Software house (size not published; 250+ clients claimed),PK remote software house serving USA/UK/UAE clients; white-label QA for agency-style client delivery,Verified 2026-09-15 on homepage contact (info@digit.com.pk)
Deep Dev Solutions,https://www.deepdevsolutions.com,Pakistan,hello@deepdevsolutions.com,Small remote team (size not published),Lahore remote-first custom software/SaaS for UK/US/GCC; partnership QA under their brand,Verified 2026-09-15 on homepage Get in Touch (hello@deepdevsolutions.com)
Apex IT Solutions,https://www.apexitsolutions.co,Pakistan,info@apexitsolutions.co,Boutique Rawalpindi hub (size not published),Builds web/mobile/SaaS remotely for UK (and similar) clients; white-label QA extends delivery,Verified 2026-09-15 on https://www.apexitsolutions.co/locations/uk/
Next Enterprises,https://www.nextent.com.pk,Pakistan,info@nextent.com.pk,Small Karachi software house (size not published),Explicit US-client + agency white-label positioning; natural partner for QA under their delivery,Verified 2026-09-15 on homepage (info@nextent.com.pk)
Atompoint,https://atompoint.com,Pakistan,contact@atompoint.com,~24 (LinkedIn),Karachi AI/digital product engineering for global clients; mid-boutique fit for white-label QA,Verified 2026-09-15 on homepage Contact (contact@atompoint.com)
